blowsmmpanel.com,Information Technology,2020-10-14 16:24:54.784791
dripfeedpanel.com,Information Technology,2020-10-14 16:24:54.784791
turkeysmmpanel.com,Information Technology,2020-10-14 16:24:54.784791
justanotherpanel.com,Information Technology,2020-10-14 16:24:54.784791
media-panel.net,Personal Websites and Blogs,2020-10-14 16:24:54.784791
instantpanel.net,Information Technology,2020-10-14 16:24:54.784791
heartmedia.in,Information Technology,2020-10-14 16:24:54.784791
socialarmy.co,Information Technology,2020-10-14 16:24:54.784791
smm-booster.com,Business,2020-10-14 16:24:54.784791
socialreseller.org,Information Technology,2020-10-14 16:24:54.784791
perfectsmm.com,Information Technology,2020-10-14 16:24:54.784791
fastestsmmpanel.com,Business,2020-10-14 16:24:54.784791
smm-panel.io,Business,2020-10-14 16:24:54.784791
smmtube.pro,Information Technology,2020-10-14 16:24:54.784791
smmkix.com,Business,2020-10-14 16:24:54.784791
followerspanda.com,Information Technology,2020-10-14 16:24:54.784791
classicsmm.com,Information Technology,2020-10-14 16:24:54.784791
smmraja.in,Business,2020-10-14 16:24:54.784791
smmfollows.com,Social Networking,2020-10-14 16:24:54.784791
followgram.net,Information Technology,2020-10-14 16:24:54.784791
khansmm.com,Information Technology,2020-10-14 16:25:08.921724
boostsmmpanel.com,Business,2020-10-14 16:25:08.921724
instasmartt.com,Information Technology,2020-10-14 16:25:08.921724
smmcage.com,Business,2020-10-14 16:25:08.921724
indiakasmm.in,Information Technology,2020-10-14 16:25:08.921724
smmpanel.net,Information Technology,2020-10-14 16:25:08.921724
followsnake.com,Information Technology,2020-10-14 16:25:08.921724
reysmm.com,Information Technology,2020-10-14 16:25:08.921724
bulkcheapservice.com,Information Technology,2020-10-14 16:25:08.921724
buybestsuperfans.com,Information Technology,2020-10-14 16:25:08.921724
smmstore.pro,Information Technology,2020-10-14 16:25:08.921724
googlesmm.com,Information Technology,2020-10-14 16:25:08.921724
smmkings.com,Business,2020-10-14 16:25:08.921724
snakerspanel.com,Information Technology,2020-10-14 16:25:08.921724
yousmmpanel.com,Business,2020-10-14 16:25:08.921724
viralitystore.com,Information Technology,2020-10-14 16:25:08.921724
smmservices.pk,Newly Observed Domain,2020-10-14 16:25:08.921724
smmlikeview.com,Information Technology,2020-10-14 16:25:08.921724
smmpanelboost.com,Information Technology,2020-10-14 16:25:08.921724
instosmm.com,Information Technology,2020-10-14 16:25:08.921724
swiilexsmmpanel.com,Business,2020-10-14 16:25:23.428457
paytosmm.com,Business,2020-10-14 16:25:23.428457
followerskart.com,Information Technology,2020-10-14 16:25:23.428457
followersmm.com,Information Technology,2020-10-14 16:25:23.428457
msp-panel.com,Information Technology,2020-10-14 16:25:23.428457
topsmmpanel.com,Information Technology,2020-10-14 16:25:23.428457
indiansmartpanel.com,Business,2020-10-14 16:25:23.428457
smmfansfaster.com,Business,2020-10-14 16:25:23.428457
mauryamedia.com,Information Technology,2020-10-14 16:25:23.428457
instarazzo.com,Business,2020-10-14 16:25:23.428457
socialpanel.io,Information Technology,2020-10-14 16:25:23.428457
cheapsmmpanel.com,Business,2020-10-14 16:25:23.428457
ogboost.com,no_result,2020-10-14 16:25:23.428457
needmoresmm.com,Information Technology,2020-10-14 16:25:23.428457
yoyomedia.in,Social Networking,2020-10-14 16:25:23.428457
sell.cyberxcrime.com,Information Technology,2020-10-14 16:25:23.428457
truelysocial.com,Business,2020-10-14 16:25:23.428457
asiasmmpanel.com,Newly Observed Domain,2020-10-14 16:25:23.428457
instantsmo.com,Information Technology,2020-10-14 16:25:23.428457
socialworldpanel.com,Information Technology,2020-10-14 16:25:23.428457
smartsmmpanel.com,Information Technology,2020-10-14 16:25:40.011246
smmlite.com,Information Technology,2020-10-14 16:25:40.011246
albasocial.net,Information Technology,2020-10-14 16:25:40.011246
fivebbc.com,Business,2020-10-14 16:25:40.011246
popssmm.com,Information Technology,2020-10-14 16:25:40.011246
mainsmmpanel.com,Newly Observed Domain,2020-10-14 16:25:40.011246
smmride.com,Malicious Websites,2020-10-14 16:25:40.011246
easy2promo.com,Information Technology,2020-10-14 16:25:40.011246
atompanel.com,Information Technology,2020-10-14 16:25:40.011246
smmjunction.com,Information Technology,2020-10-14 16:25:40.011246
rksocialking.com,Business,2020-10-14 16:25:40.011246
canpanel.net,Business,2020-10-14 16:25:40.011246
smm.bywex.com,Web Hosting,2020-10-14 16:25:40.011246
smm-heaven.net,Information Technology,2020-10-14 16:25:40.011246
indiapanel.in,no_result,2020-10-14 16:25:40.011246
socialspro.net,Information Technology,2020-10-14 16:25:40.011246
jephsmm.com,Business,2020-10-14 16:25:40.011246
socialpanel24.com,Social Networking,2020-10-14 16:25:40.011246
thundersmmpanel.com,Business,2020-10-14 16:26:07.970506
instant-fans.com,Business,2020-10-14 16:26:07.970506
smm.net,Advertising,2020-10-14 16:26:51.896747
freealls.com,Shopping,2020-10-14 16:26:51.896747
